WithIO,Schedulers,Blocks,ThreadX,ThreadY,ThreadZ,BlockSeg,Width,AbsorbSize,TotalTime,TimeStep,OutputTime
1,dm,1,32,16,1,24,744,8,0.002,0.0001,0.0005
1,dm,1,32,4,4,24,744,8,0.002,0.0001,0.0005
1,dm,1,32,4,2,24,744,8,0.002,0.0001,0.0005
1,lws,1,16,16,2,16,744,8,0.002,0.0001,0.0005
1,lws,1,16,8,4,16,744,8,0.002,0.0001,0.0005
1,lws,1,32,4,4,16,744,8,0.002,0.0001,0.0005
0,dmdar,1,16,16,2,16,744,8,0.002,0.0001,0.0005
0,dmdar,1,16,8,4,16,744,8,0.002,0.0001,0.0005
0,dmdar,1,32,4,4,16,744,8,0.002,0.0001,0.0005
0,lws,1,32,16,1,24,744,8,0.002,0.0001,0.0005
0,lws,1,32,4,4,24,744,8,0.002,0.0001,0.0005
0,lws,1,32,4,2,24,744,8,0.002,0.0001,0.0005
1,dmda,1,32,4,4,6,744,8,0.002,0.0001,0.0005
1,dmda,1,32,8,2,6,744,8,0.002,0.0001,0.0005
1,dmda,1,32,4,2,6,744,8,0.002,0.0001,0.0005
0,dm,1,32,4,4,4,744,8,0.002,0.0001,0.0005
0,dm,1,32,8,2,4,744,8,0.002,0.0001,0.0005
0,dm,1,32,4,2,4,744,8,0.002,0.0001,0.0005
1,dmdar,1,32,4,4,4,744,8,0.002,0.0001,0.0005
1,dmdar,1,32,8,2,4,744,8,0.002,0.0001,0.0005
1,dmdar,1,32,4,2,4,744,8,0.002,0.0001,0.0005
1,dm,1,32,4,4,12,744,8,0.002,0.0001,0.0005
1,dm,1,16,4,4,12,744,8,0.002,0.0001,0.0005
1,dm,1,32,8,2,12,744,8,0.002,0.0001,0.0005
0,dmda,1,32,4,4,6,744,8,0.002,0.0001,0.0005
0,dmda,1,32,8,2,6,744,8,0.002,0.0001,0.0005
0,dmda,1,32,4,2,6,744,8,0.002,0.0001,0.0005
0,dm,1,32,4,4,6,744,8,0.002,0.0001,0.0005
0,dm,1,32,8,2,6,744,8,0.002,0.0001,0.0005
0,dm,1,32,4,2,6,744,8,0.002,0.0001,0.0005
1,dmdar,1,32,4,4,6,744,8,0.002,0.0001,0.0005
1,dmdar,1,32,8,2,6,744,8,0.002,0.0001,0.0005
1,dmdar,1,32,4,2,6,744,8,0.002,0.0001,0.0005
1,lws,1,32,4,4,6,744,8,0.002,0.0001,0.0005
1,lws,1,32,8,2,6,744,8,0.002,0.0001,0.0005
1,lws,1,32,4,2,6,744,8,0.002,0.0001,0.0005
0,lws,1,32,8,2,8,744,8,0.002,0.0001,0.0005
0,lws,1,32,4,4,8,744,8,0.002,0.0001,0.0005
0,lws,1,32,4,2,8,744,8,0.002,0.0001,0.0005
0,lws,1,32,4,4,6,744,8,0.002,0.0001,0.0005
0,lws,1,32,8,2,6,744,8,0.002,0.0001,0.0005
0,lws,1,32,4,2,6,744,8,0.002,0.0001,0.0005
0,dm,1,16,16,2,16,744,8,0.002,0.0001,0.0005
0,dm,1,16,8,4,16,744,8,0.002,0.0001,0.0005
0,dm,1,32,4,4,16,744,8,0.002,0.0001,0.0005
1,dmdar,1,32,16,1,24,744,8,0.002,0.0001,0.0005
1,dmdar,1,32,4,4,24,744,8,0.002,0.0001,0.0005
1,dmdar,1,32,4,2,24,744,8,0.002,0.0001,0.0005
0,lws,1,32,4,4,12,744,8,0.002,0.0001,0.0005
0,lws,1,16,4,4,12,744,8,0.002,0.0001,0.0005
0,lws,1,32,8,2,12,744,8,0.002,0.0001,0.0005
0,dmda,1,32,4,4,4,744,8,0.002,0.0001,0.0005
0,dmda,1,32,8,2,4,744,8,0.002,0.0001,0.0005
0,dmda,1,32,4,2,4,744,8,0.002,0.0001,0.0005
0,dmda,1,32,16,1,24,744,8,0.002,0.0001,0.0005
0,dmda,1,32,4,4,24,744,8,0.002,0.0001,0.0005
0,dmda,1,32,4,2,24,744,8,0.002,0.0001,0.0005
1,dmdar,1,32,4,4,12,744,8,0.002,0.0001,0.0005
1,dmdar,1,16,4,4,12,744,8,0.002,0.0001,0.0005
1,dmdar,1,32,8,2,12,744,8,0.002,0.0001,0.0005
1,dmda,1,32,8,2,8,744,8,0.002,0.0001,0.0005
1,dmda,1,32,4,4,8,744,8,0.002,0.0001,0.0005
1,dmda,1,32,4,2,8,744,8,0.002,0.0001,0.0005
1,dmda,1,16,16,2,16,744,8,0.002,0.0001,0.0005
1,dmda,1,16,8,4,16,744,8,0.002,0.0001,0.0005
1,dmda,1,32,4,4,16,744,8,0.002,0.0001,0.0005
1,lws,1,32,16,1,24,744,8,0.002,0.0001,0.0005
1,lws,1,32,4,4,24,744,8,0.002,0.0001,0.0005
1,lws,1,32,4,2,24,744,8,0.002,0.0001,0.0005
0,dmdar,1,32,16,1,24,744,8,0.002,0.0001,0.0005
0,dmdar,1,32,4,4,24,744,8,0.002,0.0001,0.0005
0,dmdar,1,32,4,2,24,744,8,0.002,0.0001,0.0005
1,lws,1,32,4,4,4,744,8,0.002,0.0001,0.0005
1,lws,1,32,8,2,4,744,8,0.002,0.0001,0.0005
1,lws,1,32,4,2,4,744,8,0.002,0.0001,0.0005
1,dmdar,1,32,8,2,8,744,8,0.002,0.0001,0.0005
1,dmdar,1,32,4,4,8,744,8,0.002,0.0001,0.0005
1,dmdar,1,32,4,2,8,744,8,0.002,0.0001,0.0005
0,dmdar,1,32,4,4,6,744,8,0.002,0.0001,0.0005
0,dmdar,1,32,8,2,6,744,8,0.002,0.0001,0.0005
0,dmdar,1,32,4,2,6,744,8,0.002,0.0001,0.0005
1,dm,1,32,8,2,8,744,8,0.002,0.0001,0.0005
1,dm,1,32,4,4,8,744,8,0.002,0.0001,0.0005
1,dm,1,32,4,2,8,744,8,0.002,0.0001,0.0005
0,lws,1,16,16,2,16,744,8,0.002,0.0001,0.0005
0,lws,1,16,8,4,16,744,8,0.002,0.0001,0.0005
0,lws,1,32,4,4,16,744,8,0.002,0.0001,0.0005
1,lws,1,32,4,4,12,744,8,0.002,0.0001,0.0005
1,lws,1,16,4,4,12,744,8,0.002,0.0001,0.0005
1,lws,1,32,8,2,12,744,8,0.002,0.0001,0.0005
1,dmda,1,32,4,4,12,744,8,0.002,0.0001,0.0005
1,dmda,1,16,4,4,12,744,8,0.002,0.0001,0.0005
1,dmda,1,32,8,2,12,744,8,0.002,0.0001,0.0005
0,dmdar,1,32,4,4,12,744,8,0.002,0.0001,0.0005
0,dmdar,1,16,4,4,12,744,8,0.002,0.0001,0.0005
0,dmdar,1,32,8,2,12,744,8,0.002,0.0001,0.0005
0,dm,1,32,8,2,8,744,8,0.002,0.0001,0.0005
0,dm,1,32,4,4,8,744,8,0.002,0.0001,0.0005
0,dm,1,32,4,2,8,744,8,0.002,0.0001,0.0005
0,dmdar,1,32,8,2,8,744,8,0.002,0.0001,0.0005
0,dmdar,1,32,4,4,8,744,8,0.002,0.0001,0.0005
0,dmdar,1,32,4,2,8,744,8,0.002,0.0001,0.0005
0,dmdar,1,32,4,4,4,744,8,0.002,0.0001,0.0005
0,dmdar,1,32,8,2,4,744,8,0.002,0.0001,0.0005
0,dmdar,1,32,4,2,4,744,8,0.002,0.0001,0.0005
1,dm,1,32,4,4,4,744,8,0.002,0.0001,0.0005
1,dm,1,32,8,2,4,744,8,0.002,0.0001,0.0005
1,dm,1,32,4,2,4,744,8,0.002,0.0001,0.0005
0,dmda,1,32,4,4,12,744,8,0.002,0.0001,0.0005
0,dmda,1,16,4,4,12,744,8,0.002,0.0001,0.0005
0,dmda,1,32,8,2,12,744,8,0.002,0.0001,0.0005
0,dm,1,32,4,4,12,744,8,0.002,0.0001,0.0005
0,dm,1,16,4,4,12,744,8,0.002,0.0001,0.0005
0,dm,1,32,8,2,12,744,8,0.002,0.0001,0.0005
0,dmda,1,32,8,2,8,744,8,0.002,0.0001,0.0005
0,dmda,1,32,4,4,8,744,8,0.002,0.0001,0.0005
0,dmda,1,32,4,2,8,744,8,0.002,0.0001,0.0005
1,dmda,1,32,4,4,4,744,8,0.002,0.0001,0.0005
1,dmda,1,32,8,2,4,744,8,0.002,0.0001,0.0005
1,dmda,1,32,4,2,4,744,8,0.002,0.0001,0.0005
1,dm,1,16,16,2,16,744,8,0.002,0.0001,0.0005
1,dm,1,16,8,4,16,744,8,0.002,0.0001,0.0005
1,dm,1,32,4,4,16,744,8,0.002,0.0001,0.0005
1,dm,1,32,4,4,6,744,8,0.002,0.0001,0.0005
1,dm,1,32,8,2,6,744,8,0.002,0.0001,0.0005
1,dm,1,32,4,2,6,744,8,0.002,0.0001,0.0005
0,dm,1,32,16,1,24,744,8,0.002,0.0001,0.0005
0,dm,1,32,4,4,24,744,8,0.002,0.0001,0.0005
0,dm,1,32,4,2,24,744,8,0.002,0.0001,0.0005
0,lws,1,32,4,4,4,744,8,0.002,0.0001,0.0005
0,lws,1,32,8,2,4,744,8,0.002,0.0001,0.0005
0,lws,1,32,4,2,4,744,8,0.002,0.0001,0.0005
1,dmdar,1,16,16,2,16,744,8,0.002,0.0001,0.0005
1,dmdar,1,16,8,4,16,744,8,0.002,0.0001,0.0005
1,dmdar,1,32,4,4,16,744,8,0.002,0.0001,0.0005
1,dmda,1,32,16,1,24,744,8,0.002,0.0001,0.0005
1,dmda,1,32,4,4,24,744,8,0.002,0.0001,0.0005
1,dmda,1,32,4,2,24,744,8,0.002,0.0001,0.0005
1,lws,1,32,8,2,8,744,8,0.002,0.0001,0.0005
1,lws,1,32,4,4,8,744,8,0.002,0.0001,0.0005
1,lws,1,32,4,2,8,744,8,0.002,0.0001,0.0005
0,dmda,1,16,16,2,16,744,8,0.002,0.0001,0.0005
0,dmda,1,16,8,4,16,744,8,0.002,0.0001,0.0005
0,dmda,1,32,4,4,16,744,8,0.002,0.0001,0.0005
1,dmdar,2,32,4,4,12,744,8,0.002,0.0001,0.0005
1,dmdar,2,16,4,4,12,744,8,0.002,0.0001,0.0005
1,dmdar,2,32,8,2,12,744,8,0.002,0.0001,0.0005
1,lws,2,32,4,4,12,744,8,0.002,0.0001,0.0005
1,lws,2,16,4,4,12,744,8,0.002,0.0001,0.0005
1,lws,2,32,8,2,12,744,8,0.002,0.0001,0.0005
1,dm,2,32,4,4,4,744,8,0.002,0.0001,0.0005
1,dm,2,32,8,2,4,744,8,0.002,0.0001,0.0005
1,dm,2,32,4,2,4,744,8,0.002,0.0001,0.0005
1,dmda,2,32,8,2,8,744,8,0.002,0.0001,0.0005
1,dmda,2,32,4,4,8,744,8,0.002,0.0001,0.0005
1,dmda,2,32,4,2,8,744,8,0.002,0.0001,0.0005
1,dm,2,32,16,1,24,744,8,0.002,0.0001,0.0005
1,dm,2,32,4,4,24,744,8,0.002,0.0001,0.0005
1,dm,2,32,4,2,24,744,8,0.002,0.0001,0.0005
1,lws,2,32,16,1,24,744,8,0.002,0.0001,0.0005
1,lws,2,32,4,4,24,744,8,0.002,0.0001,0.0005
1,lws,2,32,4,2,24,744,8,0.002,0.0001,0.0005
1,dm,2,32,4,4,12,744,8,0.002,0.0001,0.0005
1,dm,2,16,4,4,12,744,8,0.002,0.0001,0.0005
1,dm,2,32,8,2,12,744,8,0.002,0.0001,0.0005
1,dm,2,32,4,4,6,744,8,0.002,0.0001,0.0005
1,dm,2,32,8,2,6,744,8,0.002,0.0001,0.0005
1,dm,2,32,4,2,6,744,8,0.002,0.0001,0.0005
1,dmdar,2,32,8,2,8,744,8,0.002,0.0001,0.0005
1,dmdar,2,32,4,4,8,744,8,0.002,0.0001,0.0005
1,dmdar,2,32,4,2,8,744,8,0.002,0.0001,0.0005
1,dmdar,2,32,16,1,24,744,8,0.002,0.0001,0.0005
1,dmdar,2,32,4,4,24,744,8,0.002,0.0001,0.0005
1,dmdar,2,32,4,2,24,744,8,0.002,0.0001,0.0005
0,lws,2,32,16,1,24,744,8,0.002,0.0001,0.0005
0,lws,2,32,4,4,24,744,8,0.002,0.0001,0.0005
0,lws,2,32,4,2,24,744,8,0.002,0.0001,0.0005
0,dmdar,2,32,4,4,4,744,8,0.002,0.0001,0.0005
0,dmdar,2,32,8,2,4,744,8,0.002,0.0001,0.0005
0,dmdar,2,32,4,2,4,744,8,0.002,0.0001,0.0005
0,dm,2,32,4,4,4,744,8,0.002,0.0001,0.0005
0,dm,2,32,8,2,4,744,8,0.002,0.0001,0.0005
0,dm,2,32,4,2,4,744,8,0.002,0.0001,0.0005
0,dmdar,2,32,16,1,24,744,8,0.002,0.0001,0.0005
0,dmdar,2,32,4,4,24,744,8,0.002,0.0001,0.0005
0,dmdar,2,32,4,2,24,744,8,0.002,0.0001,0.0005
0,lws,2,32,4,4,4,744,8,0.002,0.0001,0.0005
0,lws,2,32,8,2,4,744,8,0.002,0.0001,0.0005
0,lws,2,32,4,2,4,744,8,0.002,0.0001,0.0005
0,dm,2,32,4,4,12,744,8,0.002,0.0001,0.0005
0,dm,2,16,4,4,12,744,8,0.002,0.0001,0.0005
0,dm,2,32,8,2,12,744,8,0.002,0.0001,0.0005
1,lws,2,16,16,2,16,744,8,0.002,0.0001,0.0005
1,lws,2,16,8,4,16,744,8,0.002,0.0001,0.0005
1,lws,2,32,4,4,16,744,8,0.002,0.0001,0.0005
0,dm,2,32,16,1,24,744,8,0.002,0.0001,0.0005
0,dm,2,32,4,4,24,744,8,0.002,0.0001,0.0005
0,dm,2,32,4,2,24,744,8,0.002,0.0001,0.0005
1,lws,2,32,8,2,8,744,8,0.002,0.0001,0.0005
1,lws,2,32,4,4,8,744,8,0.002,0.0001,0.0005
1,lws,2,32,4,2,8,744,8,0.002,0.0001,0.0005
0,dmda,2,32,16,1,24,744,8,0.002,0.0001,0.0005
0,dmda,2,32,4,4,24,744,8,0.002,0.0001,0.0005
0,dmda,2,32,4,2,24,744,8,0.002,0.0001,0.0005
1,dm,2,16,16,2,16,744,8,0.002,0.0001,0.0005
1,dm,2,16,8,4,16,744,8,0.002,0.0001,0.0005
1,dm,2,32,4,4,16,744,8,0.002,0.0001,0.0005
0,dmda,2,32,4,4,12,744,8,0.002,0.0001,0.0005
0,dmda,2,16,4,4,12,744,8,0.002,0.0001,0.0005
0,dmda,2,32,8,2,12,744,8,0.002,0.0001,0.0005
1,dmda,2,32,4,4,4,744,8,0.002,0.0001,0.0005
1,dmda,2,32,8,2,4,744,8,0.002,0.0001,0.0005
1,dmda,2,32,4,2,4,744,8,0.002,0.0001,0.0005
1,dmdar,2,16,16,2,16,744,8,0.002,0.0001,0.0005
1,dmdar,2,16,8,4,16,744,8,0.002,0.0001,0.0005
1,dmdar,2,32,4,4,16,744,8,0.002,0.0001,0.0005
1,dm,2,32,8,2,8,744,8,0.002,0.0001,0.0005
1,dm,2,32,4,4,8,744,8,0.002,0.0001,0.0005
1,dm,2,32,4,2,8,744,8,0.002,0.0001,0.0005
0,lws,2,32,8,2,8,744,8,0.002,0.0001,0.0005
0,lws,2,32,4,4,8,744,8,0.002,0.0001,0.0005
0,lws,2,32,4,2,8,744,8,0.002,0.0001,0.0005
0,dmda,2,32,8,2,8,744,8,0.002,0.0001,0.0005
0,dmda,2,32,4,4,8,744,8,0.002,0.0001,0.0005
0,dmda,2,32,4,2,8,744,8,0.002,0.0001,0.0005
1,lws,2,32,4,4,4,744,8,0.002,0.0001,0.0005
1,lws,2,32,8,2,4,744,8,0.002,0.0001,0.0005
1,lws,2,32,4,2,4,744,8,0.002,0.0001,0.0005
1,dmda,2,16,16,2,16,744,8,0.002,0.0001,0.0005
1,dmda,2,16,8,4,16,744,8,0.002,0.0001,0.0005
1,dmda,2,32,4,4,16,744,8,0.002,0.0001,0.0005
0,dmdar,2,16,16,2,16,744,8,0.002,0.0001,0.0005
0,dmdar,2,16,8,4,16,744,8,0.002,0.0001,0.0005
0,dmdar,2,32,4,4,16,744,8,0.002,0.0001,0.0005
0,dmdar,2,32,4,4,12,744,8,0.002,0.0001,0.0005
0,dmdar,2,16,4,4,12,744,8,0.002,0.0001,0.0005
0,dmdar,2,32,8,2,12,744,8,0.002,0.0001,0.0005
0,dmda,2,32,4,4,4,744,8,0.002,0.0001,0.0005
0,dmda,2,32,8,2,4,744,8,0.002,0.0001,0.0005
0,dmda,2,32,4,2,4,744,8,0.002,0.0001,0.0005
0,dm,2,32,8,2,8,744,8,0.002,0.0001,0.0005
0,dm,2,32,4,4,8,744,8,0.002,0.0001,0.0005
0,dm,2,32,4,2,8,744,8,0.002,0.0001,0.0005
0,lws,2,32,4,4,6,744,8,0.002,0.0001,0.0005
0,lws,2,32,8,2,6,744,8,0.002,0.0001,0.0005
0,lws,2,32,4,2,6,744,8,0.002,0.0001,0.0005
1,dmda,2,32,16,1,24,744,8,0.002,0.0001,0.0005
1,dmda,2,32,4,4,24,744,8,0.002,0.0001,0.0005
1,dmda,2,32,4,2,24,744,8,0.002,0.0001,0.0005
0,dmda,2,16,16,2,16,744,8,0.002,0.0001,0.0005
0,dmda,2,16,8,4,16,744,8,0.002,0.0001,0.0005
0,dmda,2,32,4,4,16,744,8,0.002,0.0001,0.0005
0,lws,2,16,16,2,16,744,8,0.002,0.0001,0.0005
0,lws,2,16,8,4,16,744,8,0.002,0.0001,0.0005
0,lws,2,32,4,4,16,744,8,0.002,0.0001,0.0005
0,dmda,2,32,4,4,6,744,8,0.002,0.0001,0.0005
0,dmda,2,32,8,2,6,744,8,0.002,0.0001,0.0005
0,dmda,2,32,4,2,6,744,8,0.002,0.0001,0.0005
0,dmdar,2,32,8,2,8,744,8,0.002,0.0001,0.0005
0,dmdar,2,32,4,4,8,744,8,0.002,0.0001,0.0005
0,dmdar,2,32,4,2,8,744,8,0.002,0.0001,0.0005
1,dmdar,2,32,4,4,4,744,8,0.002,0.0001,0.0005
1,dmdar,2,32,8,2,4,744,8,0.002,0.0001,0.0005
1,dmdar,2,32,4,2,4,744,8,0.002,0.0001,0.0005
0,dmdar,2,32,4,4,6,744,8,0.002,0.0001,0.0005
0,dmdar,2,32,8,2,6,744,8,0.002,0.0001,0.0005
0,dmdar,2,32,4,2,6,744,8,0.002,0.0001,0.0005
0,dm,2,32,4,4,6,744,8,0.002,0.0001,0.0005
0,dm,2,32,8,2,6,744,8,0.002,0.0001,0.0005
0,dm,2,32,4,2,6,744,8,0.002,0.0001,0.0005
0,lws,2,32,4,4,12,744,8,0.002,0.0001,0.0005
0,lws,2,16,4,4,12,744,8,0.002,0.0001,0.0005
0,lws,2,32,8,2,12,744,8,0.002,0.0001,0.0005
1,lws,2,32,4,4,6,744,8,0.002,0.0001,0.0005
1,lws,2,32,8,2,6,744,8,0.002,0.0001,0.0005
1,lws,2,32,4,2,6,744,8,0.002,0.0001,0.0005
1,dmda,2,32,4,4,6,744,8,0.002,0.0001,0.0005
1,dmda,2,32,8,2,6,744,8,0.002,0.0001,0.0005
1,dmda,2,32,4,2,6,744,8,0.002,0.0001,0.0005
1,dmdar,2,32,4,4,6,744,8,0.002,0.0001,0.0005
1,dmdar,2,32,8,2,6,744,8,0.002,0.0001,0.0005
1,dmdar,2,32,4,2,6,744,8,0.002,0.0001,0.0005
0,dm,2,16,16,2,16,744,8,0.002,0.0001,0.0005
0,dm,2,16,8,4,16,744,8,0.002,0.0001,0.0005
0,dm,2,32,4,4,16,744,8,0.002,0.0001,0.0005
1,dmda,2,32,4,4,12,744,8,0.002,0.0001,0.0005
1,dmda,2,16,4,4,12,744,8,0.002,0.0001,0.0005
1,dmda,2,32,8,2,12,744,8,0.002,0.0001,0.0005
1,dmda,3,32,16,1,24,744,8,0.002,0.0001,0.0005
1,dmda,3,32,4,4,24,744,8,0.002,0.0001,0.0005
1,dmda,3,32,4,2,24,744,8,0.002,0.0001,0.0005
0,dm,3,16,16,2,16,744,8,0.002,0.0001,0.0005
0,dm,3,16,8,4,16,744,8,0.002,0.0001,0.0005
0,dm,3,32,4,4,16,744,8,0.002,0.0001,0.0005
0,dmda,3,32,4,4,12,744,8,0.002,0.0001,0.0005
0,dmda,3,16,4,4,12,744,8,0.002,0.0001,0.0005
0,dmda,3,32,8,2,12,744,8,0.002,0.0001,0.0005
1,dm,3,32,4,4,4,744,8,0.002,0.0001,0.0005
1,dm,3,32,8,2,4,744,8,0.002,0.0001,0.0005
1,dm,3,32,4,2,4,744,8,0.002,0.0001,0.0005
1,dmdar,3,32,4,4,12,744,8,0.002,0.0001,0.0005
1,dmdar,3,16,4,4,12,744,8,0.002,0.0001,0.0005
1,dmdar,3,32,8,2,12,744,8,0.002,0.0001,0.0005
1,lws,3,32,4,4,4,744,8,0.002,0.0001,0.0005
1,lws,3,32,8,2,4,744,8,0.002,0.0001,0.0005
1,lws,3,32,4,2,4,744,8,0.002,0.0001,0.0005
0,dmdar,3,16,16,2,16,744,8,0.002,0.0001,0.0005
0,dmdar,3,16,8,4,16,744,8,0.002,0.0001,0.0005
0,dmdar,3,32,4,4,16,744,8,0.002,0.0001,0.0005
0,dmdar,3,32,4,4,6,744,8,0.002,0.0001,0.0005
0,dmdar,3,32,8,2,6,744,8,0.002,0.0001,0.0005
0,dmdar,3,32,4,2,6,744,8,0.002,0.0001,0.0005
1,dmda,3,16,16,2,16,744,8,0.002,0.0001,0.0005
1,dmda,3,16,8,4,16,744,8,0.002,0.0001,0.0005
1,dmda,3,32,4,4,16,744,8,0.002,0.0001,0.0005
1,dm,3,32,4,4,6,744,8,0.002,0.0001,0.0005
1,dm,3,32,8,2,6,744,8,0.002,0.0001,0.0005
1,dm,3,32,4,2,6,744,8,0.002,0.0001,0.0005
0,dmda,3,32,4,4,6,744,8,0.002,0.0001,0.0005
0,dmda,3,32,8,2,6,744,8,0.002,0.0001,0.0005
0,dmda,3,32,4,2,6,744,8,0.002,0.0001,0.0005
0,dm,3,32,8,2,8,744,8,0.002,0.0001,0.0005
0,dm,3,32,4,4,8,744,8,0.002,0.0001,0.0005
0,dm,3,32,4,2,8,744,8,0.002,0.0001,0.0005
1,dmdar,3,32,4,4,4,744,8,0.002,0.0001,0.0005
1,dmdar,3,32,8,2,4,744,8,0.002,0.0001,0.0005
1,dmdar,3,32,4,2,4,744,8,0.002,0.0001,0.0005
0,dmda,3,32,4,4,4,744,8,0.002,0.0001,0.0005
0,dmda,3,32,8,2,4,744,8,0.002,0.0001,0.0005
0,dmda,3,32,4,2,4,744,8,0.002,0.0001,0.0005
0,lws,3,32,16,1,24,744,8,0.002,0.0001,0.0005
0,lws,3,32,4,4,24,744,8,0.002,0.0001,0.0005
0,lws,3,32,4,2,24,744,8,0.002,0.0001,0.0005
1,dmdar,3,32,4,4,6,744,8,0.002,0.0001,0.0005
1,dmdar,3,32,8,2,6,744,8,0.002,0.0001,0.0005
1,dmdar,3,32,4,2,6,744,8,0.002,0.0001,0.0005
1,dm,3,32,16,1,24,744,8,0.002,0.0001,0.0005
1,dm,3,32,4,4,24,744,8,0.002,0.0001,0.0005
1,dm,3,32,4,2,24,744,8,0.002,0.0001,0.0005
1,dmdar,3,32,8,2,8,744,8,0.002,0.0001,0.0005
1,dmdar,3,32,4,4,8,744,8,0.002,0.0001,0.0005
1,dmdar,3,32,4,2,8,744,8,0.002,0.0001,0.0005
1,lws,3,32,4,4,12,744,8,0.002,0.0001,0.0005
1,lws,3,16,4,4,12,744,8,0.002,0.0001,0.0005
1,lws,3,32,8,2,12,744,8,0.002,0.0001,0.0005
1,dmdar,3,16,16,2,16,744,8,0.002,0.0001,0.0005
1,dmdar,3,16,8,4,16,744,8,0.002,0.0001,0.0005
1,dmdar,3,32,4,4,16,744,8,0.002,0.0001,0.0005
1,dm,3,32,8,2,8,744,8,0.002,0.0001,0.0005
1,dm,3,32,4,4,8,744,8,0.002,0.0001,0.0005
1,dm,3,32,4,2,8,744,8,0.002,0.0001,0.0005
0,lws,3,32,4,4,6,744,8,0.002,0.0001,0.0005
0,lws,3,32,8,2,6,744,8,0.002,0.0001,0.0005
0,lws,3,32,4,2,6,744,8,0.002,0.0001,0.0005
0,lws,3,32,4,4,12,744,8,0.002,0.0001,0.0005
0,lws,3,16,4,4,12,744,8,0.002,0.0001,0.0005
0,lws,3,32,8,2,12,744,8,0.002,0.0001,0.0005
1,dmda,3,32,8,2,8,744,8,0.002,0.0001,0.0005
1,dmda,3,32,4,4,8,744,8,0.002,0.0001,0.0005
1,dmda,3,32,4,2,8,744,8,0.002,0.0001,0.0005
0,dm,3,32,4,4,12,744,8,0.002,0.0001,0.0005
0,dm,3,16,4,4,12,744,8,0.002,0.0001,0.0005
0,dm,3,32,8,2,12,744,8,0.002,0.0001,0.0005
0,lws,3,16,16,2,16,744,8,0.002,0.0001,0.0005
0,lws,3,16,8,4,16,744,8,0.002,0.0001,0.0005
0,lws,3,32,4,4,16,744,8,0.002,0.0001,0.0005
0,dmda,3,32,8,2,8,744,8,0.002,0.0001,0.0005
0,dmda,3,32,4,4,8,744,8,0.002,0.0001,0.0005
0,dmda,3,32,4,2,8,744,8,0.002,0.0001,0.0005
0,dm,3,32,4,4,4,744,8,0.002,0.0001,0.0005
0,dm,3,32,8,2,4,744,8,0.002,0.0001,0.0005
0,dm,3,32,4,2,4,744,8,0.002,0.0001,0.0005
0,lws,3,32,8,2,8,744,8,0.002,0.0001,0.0005
0,lws,3,32,4,4,8,744,8,0.002,0.0001,0.0005
0,lws,3,32,4,2,8,744,8,0.002,0.0001,0.0005
0,dmda,3,32,16,1,24,744,8,0.002,0.0001,0.0005
0,dmda,3,32,4,4,24,744,8,0.002,0.0001,0.0005
0,dmda,3,32,4,2,24,744,8,0.002,0.0001,0.0005
0,dm,3,32,4,4,6,744,8,0.002,0.0001,0.0005
0,dm,3,32,8,2,6,744,8,0.002,0.0001,0.0005
0,dm,3,32,4,2,6,744,8,0.002,0.0001,0.0005
0,dmdar,3,32,8,2,8,744,8,0.002,0.0001,0.0005
0,dmdar,3,32,4,4,8,744,8,0.002,0.0001,0.0005
0,dmdar,3,32,4,2,8,744,8,0.002,0.0001,0.0005
1,dmda,3,32,4,4,6,744,8,0.002,0.0001,0.0005
1,dmda,3,32,8,2,6,744,8,0.002,0.0001,0.0005
1,dmda,3,32,4,2,6,744,8,0.002,0.0001,0.0005
0,dmda,3,16,16,2,16,744,8,0.002,0.0001,0.0005
0,dmda,3,16,8,4,16,744,8,0.002,0.0001,0.0005
0,dmda,3,32,4,4,16,744,8,0.002,0.0001,0.0005
0,dmdar,3,32,4,4,12,744,8,0.002,0.0001,0.0005
0,dmdar,3,16,4,4,12,744,8,0.002,0.0001,0.0005
0,dmdar,3,32,8,2,12,744,8,0.002,0.0001,0.0005
1,lws,3,32,16,1,24,744,8,0.002,0.0001,0.0005
1,lws,3,32,4,4,24,744,8,0.002,0.0001,0.0005
1,lws,3,32,4,2,24,744,8,0.002,0.0001,0.0005
1,lws,3,32,8,2,8,744,8,0.002,0.0001,0.0005
1,lws,3,32,4,4,8,744,8,0.002,0.0001,0.0005
1,lws,3,32,4,2,8,744,8,0.002,0.0001,0.0005
1,dmda,3,32,4,4,12,744,8,0.002,0.0001,0.0005
1,dmda,3,16,4,4,12,744,8,0.002,0.0001,0.0005
1,dmda,3,32,8,2,12,744,8,0.002,0.0001,0.0005
1,dm,3,16,16,2,16,744,8,0.002,0.0001,0.0005
1,dm,3,16,8,4,16,744,8,0.002,0.0001,0.0005
1,dm,3,32,4,4,16,744,8,0.002,0.0001,0.0005
0,dm,3,32,16,1,24,744,8,0.002,0.0001,0.0005
0,dm,3,32,4,4,24,744,8,0.002,0.0001,0.0005
0,dm,3,32,4,2,24,744,8,0.002,0.0001,0.0005
1,dmdar,3,32,16,1,24,744,8,0.002,0.0001,0.0005
1,dmdar,3,32,4,4,24,744,8,0.002,0.0001,0.0005
1,dmdar,3,32,4,2,24,744,8,0.002,0.0001,0.0005
0,dmdar,3,32,16,1,24,744,8,0.002,0.0001,0.0005
0,dmdar,3,32,4,4,24,744,8,0.002,0.0001,0.0005
0,dmdar,3,32,4,2,24,744,8,0.002,0.0001,0.0005
1,dm,3,32,4,4,12,744,8,0.002,0.0001,0.0005
1,dm,3,16,4,4,12,744,8,0.002,0.0001,0.0005
1,dm,3,32,8,2,12,744,8,0.002,0.0001,0.0005
1,lws,3,16,16,2,16,744,8,0.002,0.0001,0.0005
1,lws,3,16,8,4,16,744,8,0.002,0.0001,0.0005
1,lws,3,32,4,4,16,744,8,0.002,0.0001,0.0005
1,lws,3,32,4,4,6,744,8,0.002,0.0001,0.0005
1,lws,3,32,8,2,6,744,8,0.002,0.0001,0.0005
1,lws,3,32,4,2,6,744,8,0.002,0.0001,0.0005
0,lws,3,32,4,4,4,744,8,0.002,0.0001,0.0005
0,lws,3,32,8,2,4,744,8,0.002,0.0001,0.0005
0,lws,3,32,4,2,4,744,8,0.002,0.0001,0.0005
1,dmda,3,32,4,4,4,744,8,0.002,0.0001,0.0005
1,dmda,3,32,8,2,4,744,8,0.002,0.0001,0.0005
1,dmda,3,32,4,2,4,744,8,0.002,0.0001,0.0005
0,dmdar,3,32,4,4,4,744,8,0.002,0.0001,0.0005
0,dmdar,3,32,8,2,4,744,8,0.002,0.0001,0.0005
0,dmdar,3,32,4,2,4,744,8,0.002,0.0001,0.0005
