Schedulers,BlockSeg,Width,AbsorbSize,TotalTime,TimeStep,OutputTime
dm,24,744,8,0.002,0.0001,0.0005
lws,16,744,8,0.002,0.0001,0.0005
dmdar,16,744,8,0.002,0.0001,0.0005
lws,24,744,8,0.002,0.0001,0.0005
dmda,6,744,8,0.002,0.0001,0.0005
dm,4,744,8,0.002,0.0001,0.0005
dmdar,4,744,8,0.002,0.0001,0.0005
dm,12,744,8,0.002,0.0001,0.0005
dm,6,744,8,0.002,0.0001,0.0005
dmdar,6,744,8,0.002,0.0001,0.0005
lws,6,744,8,0.002,0.0001,0.0005
lws,8,744,8,0.002,0.0001,0.0005
dm,16,744,8,0.002,0.0001,0.0005
dmdar,24,744,8,0.002,0.0001,0.0005
lws,12,744,8,0.002,0.0001,0.0005
dmda,4,744,8,0.002,0.0001,0.0005
dmda,24,744,8,0.002,0.0001,0.0005
dmdar,12,744,8,0.002,0.0001,0.0005
dmda,8,744,8,0.002,0.0001,0.0005
dmda,16,744,8,0.002,0.0001,0.0005
lws,4,744,8,0.002,0.0001,0.0005
dmdar,8,744,8,0.002,0.0001,0.0005
dm,8,744,8,0.002,0.0001,0.0005
dmda,12,744,8,0.002,0.0001,0.0005
