ThreadX,ThreadY,BlockSize,Blocks,BlockCount,Iterations,TotalThreads
512,1,32,1,3,10,512
512,1,96,1,3,10,512
16,4,64,1,3,10,64
64,1,32,1,3,10,64
128,4,48,1,3,10,512
256,2,128,1,3,10,512
32,4,64,1,3,10,128
32,16,160,1,3,10,512
128,2,128,1,3,10,256
128,1,96,1,3,10,128
256,2,64,1,3,10,512
32,4,160,1,3,10,128
16,16,128,1,3,10,256
16,4,48,1,3,10,64
32,16,64,1,3,10,512
32,2,128,1,3,10,64
32,4,32,1,3,10,128
64,1,128,1,3,10,64
32,4,128,1,3,10,128
64,2,160,1,3,10,128
64,1,64,1,3,10,64
128,4,128,1,3,10,512
512,1,160,1,3,10,512
16,8,64,1,3,10,128
32,16,128,1,3,10,512
256,2,48,1,3,10,512
64,8,48,1,3,10,512
128,4,96,1,3,10,512
16,4,160,1,3,10,64
64,2,64,1,3,10,128
32,2,64,1,3,10,64
32,2,48,1,3,10,64
128,2,48,1,3,10,256
128,1,128,1,3,10,128
64,8,128,1,3,10,512
256,1,128,1,3,10,256
8,8,64,1,3,10,64
16,8,128,1,3,10,128
32,4,48,1,3,10,128
128,4,160,1,3,10,512
16,8,160,1,3,10,128
32,8,128,1,3,10,256
64,2,32,1,3,10,128
64,2,48,1,3,10,128
512,1,48,1,3,10,512
64,4,160,1,3,10,256
32,2,32,1,3,10,64
256,1,64,1,3,10,256
32,16,32,1,3,10,512
8,8,48,1,3,10,64
256,1,96,1,3,10,256
64,2,128,1,3,10,128
256,2,160,1,3,10,512
64,8,160,1,3,10,512
64,1,96,1,3,10,64
32,16,96,1,3,10,512
32,8,96,1,3,10,256
128,1,48,1,3,10,128
64,8,96,1,3,10,512
128,4,64,1,3,10,512
64,8,64,1,3,10,512
256,2,96,1,3,10,512
64,4,32,1,3,10,256
64,8,32,1,3,10,512
32,16,48,1,3,10,512
16,16,32,1,3,10,256
32,8,64,1,3,10,256
64,1,160,1,3,10,64
128,1,64,1,3,10,128
8,8,160,1,3,10,64
16,4,128,1,3,10,64
64,4,48,1,3,10,256
32,8,160,1,3,10,256
256,1,160,1,3,10,256
16,16,160,1,3,10,256
8,8,128,1,3,10,64
32,8,32,1,3,10,256
128,4,32,1,3,10,512
32,2,96,1,3,10,64
512,1,64,1,3,10,512
128,1,160,1,3,10,128
16,16,64,1,3,10,256
32,4,96,1,3,10,128
256,1,32,1,3,10,256
32,2,160,1,3,10,64
64,4,64,1,3,10,256
64,1,48,1,3,10,64
64,2,96,1,3,10,128
16,16,48,1,3,10,256
128,2,64,1,3,10,256
128,2,32,1,3,10,256
64,4,96,1,3,10,256
128,2,96,1,3,10,256
16,4,32,1,3,10,64
512,1,128,1,3,10,512
16,8,96,1,3,10,128
64,4,128,1,3,10,256
32,8,48,1,3,10,256
16,4,96,1,3,10,64
16,8,32,1,3,10,128
8,8,96,1,3,10,64
128,1,32,1,3,10,128
8,8,32,1,3,10,64
16,8,48,1,3,10,128
256,1,48,1,3,10,256
16,16,96,1,3,10,256
256,2,32,1,3,10,512
128,2,160,1,3,10,256
64,4,128,2,3,10,256
32,16,128,2,3,10,512
64,8,48,2,3,10,512
32,4,64,2,3,10,128
64,1,32,2,3,10,64
64,4,48,2,3,10,256
64,2,128,2,3,10,128
8,8,48,2,3,10,64
128,4,96,2,3,10,512
128,2,48,2,3,10,256
64,1,64,2,3,10,64
32,4,96,2,3,10,128
128,2,64,2,3,10,256
16,16,96,2,3,10,256
512,1,128,2,3,10,512
64,8,96,2,3,10,512
256,2,64,2,3,10,512
16,8,64,2,3,10,128
16,16,64,2,3,10,256
64,2,96,2,3,10,128
32,2,96,2,3,10,64
64,8,160,2,3,10,512
512,1,64,2,3,10,512
32,4,32,2,3,10,128
32,2,48,2,3,10,64
64,2,48,2,3,10,128
32,2,160,2,3,10,64
64,8,64,2,3,10,512
128,4,32,2,3,10,512
32,2,32,2,3,10,64
32,8,64,2,3,10,256
64,4,96,2,3,10,256
64,1,160,2,3,10,64
32,8,96,2,3,10,256
64,1,48,2,3,10,64
64,8,32,2,3,10,512
128,4,48,2,3,10,512
16,16,48,2,3,10,256
128,4,160,2,3,10,512
64,2,160,2,3,10,128
32,2,128,2,3,10,64
16,8,128,2,3,10,128
8,8,64,2,3,10,64
256,1,32,2,3,10,256
8,8,160,2,3,10,64
256,1,160,2,3,10,256
8,8,96,2,3,10,64
32,16,160,2,3,10,512
128,2,32,2,3,10,256
256,2,32,2,3,10,512
16,4,32,2,3,10,64
16,8,160,2,3,10,128
512,1,48,2,3,10,512
16,4,96,2,3,10,64
16,4,64,2,3,10,64
16,4,160,2,3,10,64
64,1,96,2,3,10,64
16,16,160,2,3,10,256
32,8,32,2,3,10,256
512,1,32,2,3,10,512
32,2,64,2,3,10,64
128,1,160,2,3,10,128
128,1,96,2,3,10,128
32,4,128,2,3,10,128
512,1,160,2,3,10,512
16,8,96,2,3,10,128
128,1,128,2,3,10,128
32,8,160,2,3,10,256
64,1,128,2,3,10,64
32,8,128,2,3,10,256
128,1,32,2,3,10,128
256,1,48,2,3,10,256
256,1,128,2,3,10,256
16,8,32,2,3,10,128
128,2,128,2,3,10,256
16,4,48,2,3,10,64
128,4,128,2,3,10,512
8,8,128,2,3,10,64
256,2,48,2,3,10,512
32,16,64,2,3,10,512
64,8,128,2,3,10,512
256,2,128,2,3,10,512
256,1,96,2,3,10,256
32,4,48,2,3,10,128
32,4,160,2,3,10,128
32,8,48,2,3,10,256
128,1,48,2,3,10,128
64,2,32,2,3,10,128
32,16,32,2,3,10,512
64,4,64,2,3,10,256
256,1,64,2,3,10,256
128,2,160,2,3,10,256
128,4,64,2,3,10,512
512,1,96,2,3,10,512
8,8,32,2,3,10,64
16,8,48,2,3,10,128
16,4,128,2,3,10,64
128,1,64,2,3,10,128
64,4,32,2,3,10,256
128,2,96,2,3,10,256
64,2,64,2,3,10,128
16,16,128,2,3,10,256
256,2,96,2,3,10,512
64,4,160,2,3,10,256
32,16,48,2,3,10,512
32,16,96,2,3,10,512
256,2,160,2,3,10,512
16,16,32,2,3,10,256
64,1,128,3,3,10,64
256,1,48,3,3,10,256
128,1,64,3,3,10,128
256,2,32,3,3,10,512
16,4,96,3,3,10,64
32,2,64,3,3,10,64
16,8,96,3,3,10,128
64,2,32,3,3,10,128
8,8,32,3,3,10,64
64,8,48,3,3,10,512
128,1,128,3,3,10,128
512,1,160,3,3,10,512
64,8,96,3,3,10,512
32,4,48,3,3,10,128
16,16,48,3,3,10,256
64,1,64,3,3,10,64
32,2,160,3,3,10,64
128,2,48,3,3,10,256
32,8,160,3,3,10,256
32,2,48,3,3,10,64
64,4,48,3,3,10,256
64,2,64,3,3,10,128
64,2,96,3,3,10,128
64,4,96,3,3,10,256
64,1,160,3,3,10,64
64,2,128,3,3,10,128
8,8,160,3,3,10,64
32,8,32,3,3,10,256
16,8,128,3,3,10,128
16,8,64,3,3,10,128
32,2,128,3,3,10,64
16,8,48,3,3,10,128
256,2,48,3,3,10,512
128,2,160,3,3,10,256
64,8,64,3,3,10,512
64,2,48,3,3,10,128
16,4,160,3,3,10,64
256,2,160,3,3,10,512
512,1,32,3,3,10,512
64,4,128,3,3,10,256
32,2,96,3,3,10,64
512,1,64,3,3,10,512
64,8,128,3,3,10,512
32,2,32,3,3,10,64
128,4,64,3,3,10,512
128,1,96,3,3,10,128
16,4,32,3,3,10,64
64,4,64,3,3,10,256
16,16,160,3,3,10,256
128,4,160,3,3,10,512
64,2,160,3,3,10,128
32,8,128,3,3,10,256
64,1,96,3,3,10,64
128,1,32,3,3,10,128
32,4,160,3,3,10,128
128,4,96,3,3,10,512
32,16,96,3,3,10,512
32,4,64,3,3,10,128
256,2,64,3,3,10,512
64,8,32,3,3,10,512
64,1,32,3,3,10,64
16,8,160,3,3,10,128
256,1,64,3,3,10,256
8,8,128,3,3,10,64
64,1,48,3,3,10,64
32,4,96,3,3,10,128
128,1,48,3,3,10,128
16,4,128,3,3,10,64
128,4,32,3,3,10,512
64,8,160,3,3,10,512
512,1,128,3,3,10,512
8,8,64,3,3,10,64
128,4,48,3,3,10,512
128,4,128,3,3,10,512
128,2,32,3,3,10,256
64,4,160,3,3,10,256
32,16,64,3,3,10,512
32,4,32,3,3,10,128
16,16,64,3,3,10,256
32,8,64,3,3,10,256
256,2,128,3,3,10,512
256,1,160,3,3,10,256
32,16,128,3,3,10,512
64,4,32,3,3,10,256
16,16,32,3,3,10,256
512,1,48,3,3,10,512
32,16,32,3,3,10,512
512,1,96,3,3,10,512
128,2,96,3,3,10,256
16,8,32,3,3,10,128
16,16,128,3,3,10,256
256,1,96,3,3,10,256
32,4,128,3,3,10,128
256,1,32,3,3,10,256
128,2,64,3,3,10,256
16,4,64,3,3,10,64
32,8,96,3,3,10,256
8,8,96,3,3,10,64
128,1,160,3,3,10,128
16,4,48,3,3,10,64
256,1,128,3,3,10,256
16,16,96,3,3,10,256
128,2,128,3,3,10,256
256,2,96,3,3,10,512
32,16,160,3,3,10,512
32,16,48,3,3,10,512
8,8,48,3,3,10,64
32,8,48,3,3,10,256
64,2,96,4,3,10,128
64,4,96,4,3,10,256
128,2,96,4,3,10,256
512,1,160,4,3,10,512
64,8,64,4,3,10,512
128,1,32,4,3,10,128
16,8,64,4,3,10,128
64,8,48,4,3,10,512
128,1,48,4,3,10,128
64,4,48,4,3,10,256
64,4,160,4,3,10,256
32,16,48,4,3,10,512
64,1,128,4,3,10,64
16,8,160,4,3,10,128
32,2,48,4,3,10,64
8,8,48,4,3,10,64
128,1,64,4,3,10,128
512,1,128,4,3,10,512
64,4,128,4,3,10,256
32,16,32,4,3,10,512
32,8,160,4,3,10,256
16,4,64,4,3,10,64
256,1,160,4,3,10,256
32,4,160,4,3,10,128
512,1,48,4,3,10,512
256,2,64,4,3,10,512
256,1,128,4,3,10,256
32,16,128,4,3,10,512
128,4,64,4,3,10,512
64,2,160,4,3,10,128
16,4,48,4,3,10,64
64,2,128,4,3,10,128
128,4,160,4,3,10,512
64,8,96,4,3,10,512
128,1,96,4,3,10,128
32,8,48,4,3,10,256
8,8,96,4,3,10,64
256,2,32,4,3,10,512
8,8,128,4,3,10,64
64,2,32,4,3,10,128
128,4,48,4,3,10,512
128,1,128,4,3,10,128
64,1,32,4,3,10,64
64,8,32,4,3,10,512
16,16,32,4,3,10,256
16,8,96,4,3,10,128
256,2,160,4,3,10,512
256,1,64,4,3,10,256
16,8,48,4,3,10,128
8,8,64,4,3,10,64
32,2,32,4,3,10,64
32,2,160,4,3,10,64
16,8,32,4,3,10,128
32,4,48,4,3,10,128
16,16,48,4,3,10,256
8,8,160,4,3,10,64
128,2,64,4,3,10,256
256,1,96,4,3,10,256
16,16,160,4,3,10,256
128,2,32,4,3,10,256
128,4,128,4,3,10,512
128,2,128,4,3,10,256
16,4,128,4,3,10,64
64,1,160,4,3,10,64
32,16,96,4,3,10,512
32,8,96,4,3,10,256
512,1,64,4,3,10,512
64,1,96,4,3,10,64
64,1,64,4,3,10,64
32,8,128,4,3,10,256
128,4,96,4,3,10,512
16,4,96,4,3,10,64
8,8,32,4,3,10,64
64,2,64,4,3,10,128
32,4,64,4,3,10,128
32,2,64,4,3,10,64
32,2,96,4,3,10,64
64,8,160,4,3,10,512
64,1,48,4,3,10,64
128,4,32,4,3,10,512
16,8,128,4,3,10,128
32,4,96,4,3,10,128
32,16,64,4,3,10,512
32,4,128,4,3,10,128
512,1,32,4,3,10,512
256,2,96,4,3,10,512
64,4,32,4,3,10,256
256,2,128,4,3,10,512
64,4,64,4,3,10,256
32,2,128,4,3,10,64
128,1,160,4,3,10,128
32,8,64,4,3,10,256
64,8,128,4,3,10,512
256,1,48,4,3,10,256
32,8,32,4,3,10,256
16,4,32,4,3,10,64
16,16,64,4,3,10,256
32,16,160,4,3,10,512
32,4,32,4,3,10,128
16,16,96,4,3,10,256
16,4,160,4,3,10,64
128,2,160,4,3,10,256
256,1,32,4,3,10,256
128,2,48,4,3,10,256
16,16,128,4,3,10,256
256,2,48,4,3,10,512
64,2,48,4,3,10,128
512,1,96,4,3,10,512
32,4,64,5,3,10,128
256,1,32,5,3,10,256
16,8,32,5,3,10,128
512,1,128,5,3,10,512
256,1,64,5,3,10,256
64,2,32,5,3,10,128
256,1,48,5,3,10,256
16,8,64,5,3,10,128
8,8,160,5,3,10,64
128,2,32,5,3,10,256
32,8,48,5,3,10,256
64,1,32,5,3,10,64
16,16,160,5,3,10,256
64,8,32,5,3,10,512
64,2,96,5,3,10,128
128,1,128,5,3,10,128
32,16,64,5,3,10,512
32,16,128,5,3,10,512
32,2,32,5,3,10,64
64,4,64,5,3,10,256
64,4,160,5,3,10,256
128,1,32,5,3,10,128
32,2,64,5,3,10,64
32,8,128,5,3,10,256
128,2,48,5,3,10,256
32,8,32,5,3,10,256
8,8,32,5,3,10,64
64,8,128,5,3,10,512
16,8,48,5,3,10,128
16,4,160,5,3,10,64
16,4,32,5,3,10,64
256,2,32,5,3,10,512
256,2,160,5,3,10,512
256,2,64,5,3,10,512
128,2,128,5,3,10,256
128,2,96,5,3,10,256
16,8,128,5,3,10,128
64,4,48,5,3,10,256
64,1,96,5,3,10,64
16,4,48,5,3,10,64
64,2,128,5,3,10,128
16,16,64,5,3,10,256
8,8,48,5,3,10,64
256,1,128,5,3,10,256
512,1,96,5,3,10,512
32,8,64,5,3,10,256
256,1,96,5,3,10,256
32,2,96,5,3,10,64
32,2,128,5,3,10,64
32,16,48,5,3,10,512
8,8,96,5,3,10,64
128,4,64,5,3,10,512
64,1,64,5,3,10,64
32,4,160,5,3,10,128
64,4,96,5,3,10,256
32,4,96,5,3,10,128
32,8,96,5,3,10,256
256,2,96,5,3,10,512
32,8,160,5,3,10,256
64,4,32,5,3,10,256
128,4,128,5,3,10,512
16,16,96,5,3,10,256
64,2,160,5,3,10,128
128,1,96,5,3,10,128
128,2,64,5,3,10,256
32,2,48,5,3,10,64
8,8,64,5,3,10,64
256,2,48,5,3,10,512
64,2,64,5,3,10,128
32,2,160,5,3,10,64
16,4,64,5,3,10,64
16,4,128,5,3,10,64
64,8,64,5,3,10,512
128,1,160,5,3,10,128
64,8,160,5,3,10,512
32,16,32,5,3,10,512
64,1,48,5,3,10,64
16,16,48,5,3,10,256
64,4,128,5,3,10,256
128,4,160,5,3,10,512
128,1,48,5,3,10,128
16,8,96,5,3,10,128
32,4,48,5,3,10,128
8,8,128,5,3,10,64
512,1,48,5,3,10,512
256,2,128,5,3,10,512
64,1,160,5,3,10,64
32,4,32,5,3,10,128
256,1,160,5,3,10,256
64,8,96,5,3,10,512
64,1,128,5,3,10,64
32,16,96,5,3,10,512
16,16,32,5,3,10,256
128,1,64,5,3,10,128
16,4,96,5,3,10,64
64,2,48,5,3,10,128
512,1,64,5,3,10,512
512,1,160,5,3,10,512
16,8,160,5,3,10,128
128,4,48,5,3,10,512
16,16,128,5,3,10,256
128,2,160,5,3,10,256
64,8,48,5,3,10,512
128,4,96,5,3,10,512
512,1,32,5,3,10,512
128,4,32,5,3,10,512
32,4,128,5,3,10,128
32,16,160,5,3,10,512
